batsman,matches_analyzed,current_statistics.total_runs,current_statistics.average,current_statistics.strike_rate,current_statistics.boundary_percentage,current_statistics.consistency_score,current_statistics.recent_form,prediction.future_matches,prediction.predicted_runs,prediction.predicted_average,prediction.confidence_interval.lower,prediction.confidence_interval.upper
A Ashish Reddy,23,280,18.67,142.86,15.82,0.0,0.0,5,57.3,11.47,54.1,59.9
A Badoni,35,634,24.38,125.54,13.86,0.0,0.0,5,91.7,18.35,88.3,96.3
A Chopra,6,53,10.6,70.67,9.33,0.11,0.0,5,50.1,10.02,43.3,57.9
A Choudhary,3,25,12.5,125.0,10.0,0.5,0.0,5,39.1,7.81,36.6,41.2
A Flintoff,3,62,31.0,108.77,12.28,0.0,0.0,5,106.0,21.2,95.2,110.9
A Kumble,15,35,17.5,71.43,6.12,0.62,0.0,5,12.1,2.41,10.0,12.5
A Manohar,15,231,16.5,127.62,17.13,0.0,0.0,5,79.4,15.88,68.8,89.3
A Mishra,55,381,12.29,86.59,8.18,0.0,0.0,5,36.7,7.34,30.9,40.8
A Mithun,6,34,6.8,130.77,19.23,0.49,0.0,5,27.1,5.42,23.8,30.0
A Mukund,2,19,9.5,82.61,4.35,0.43,0.0,5,53.0,10.6,46.5,58.5
A Nehra,17,41,5.12,65.08,6.35,0.27,0.0,5,13.9,2.78,11.4,15.5
A Nortje,13,49,9.8,96.08,11.76,0.25,0.0,5,19.4,3.88,17.9,20.5
A Raghuvanshi,7,163,23.29,149.54,22.02,0.0,0.0,5,112.6,22.52,103.4,117.8
A Singh,5,2,0.5,20.0,0.0,0.96,0.0,5,3.7,0.73,1.2,5.0
A Symonds,36,974,37.46,124.71,14.72,0.0,4.8,5,131.0,26.19,125.8,137.2
A Zampa,5,15,3.0,60.0,4.0,0.73,0.0,5,15.8,3.16,12.7,18.4
AA Bilakhia,7,69,13.8,78.41,5.68,0.03,0.0,5,48.5,9.7,45.0,52.8
AA Chavan,3,12,12.0,109.09,18.18,0.75,0.0,5,22.0,4.41,20.6,22.9
AA Jhunjhunwala,15,217,15.5,99.54,11.01,0.0,0.0,5,68.6,13.72,64.7,72.5
AA Noffke,1,9,9.0,75.0,8.33,0.73,2.25,5,52.5,10.49,47.4,57.8
AB Agarkar,18,179,22.38,111.87,11.25,0.0,0.0,5,49.5,9.9,46.9,51.8
AB Barath,3,42,21.0,97.67,13.95,0.0,0.0,5,83.3,16.67,67.4,97.9
AB Dinda,16,26,2.89,52.0,4.0,0.69,0.0,5,9.5,1.9,8.0,10.5
AB McDonald,9,123,24.6,119.42,12.62,0.0,0.0,5,65.1,13.02,59.7,69.7
AB de Villiers,170,5181,41.45,148.58,19.13,0.0,0.0,5,145.1,29.02,136.7,151.2
AC Blizzard,7,120,17.14,131.87,25.27,0.0,0.0,5,91.3,18.26,79.0,100.4
AC Gilchrist,80,2069,27.22,133.05,21.29,0.0,3.45,5,128.7,25.73,119.3,138.1
AC Thomas,4,20,10.0,105.26,10.53,0.58,0.0,5,25.0,5.0,23.3,26.8
AC Voges,7,181,30.17,126.57,12.59,0.0,0.0,5,126.2,25.23,118.9,135.0
AD Hales,6,148,24.67,124.37,15.97,0.0,0.0,5,120.9,24.18,111.5,128.2
AD Mascarenhas,11,79,7.9,100.0,7.59,0.0,0.0,5,39.0,7.79,31.9,41.7
AD Mathews,41,724,23.35,120.87,12.19,0.0,0.0,5,86.5,17.29,82.2,90.3
AD Nath,10,90,9.0,90.91,9.09,0.0,0.0,5,48.1,9.62,44.4,50.1
AD Russell,104,2488,29.62,164.22,25.08,0.0,0.0,5,101.4,20.29,80.7,115.0
AF Milne,6,23,4.6,74.19,3.23,0.52,0.0,5,21.1,4.22,17.9,23.6
AG Murtaza,3,10,10.0,71.43,7.14,0.81,0.0,5,16.8,3.37,15.4,18.3
AG Paunikar,5,49,9.8,80.33,14.75,0.18,0.0,5,56.9,11.38,49.4,63.9
AJ Finch,90,2092,24.9,123.35,17.22,0.0,0.0,5,122.7,24.53,113.9,131.3
AJ Hosein,1,16,16.0,145.45,18.18,0.52,0.0,5,89.4,17.87,77.1,94.1
AJ Turner,6,24,4.8,77.42,6.45,0.49,0.0,5,24.4,4.87,18.3,28.4
AJ Tye,13,91,11.38,115.19,13.92,0.0,0.0,5,34.6,6.92,32.7,35.2
AK Markram,42,995,30.15,126.43,13.72,0.0,0.0,5,113.8,22.77,110.5,117.9
AL Menaria,23,401,18.23,109.26,11.44,0.0,0.0,5,86.0,17.2,79.0,92.9
AM Nayar,50,672,17.23,114.29,12.76,0.0,3.5,5,68.8,13.75,64.2,72.5
AM Rahane,171,4642,29.76,120.32,15.09,0.0,0.0,5,134.8,26.97,128.0,140.3
AN Ahmed,6,36,36.0,133.33,18.52,0.4,0.0,5,30.4,6.08,28.4,31.1
AP Dole,2,34,17.0,147.83,17.39,0.09,0.0,5,90.0,18.0,81.1,97.7
AP Majumdar,4,87,21.75,112.99,11.69,0.0,0.0,5,102.1,20.41,93.9,107.5
AP Tare,27,339,14.12,118.95,17.89,0.0,0.0,5,68.3,13.67,62.4,71.0
AR Bawne,1,12,12.0,100.0,8.33,0.64,0.0,5,65.8,13.17,58.2,70.0
AR Patel,112,1653,21.19,125.42,14.11,0.0,0.0,5,74.7,14.95,69.5,75.2
AS Joseph,5,27,27.0,84.38,9.38,0.48,0.0,5,27.8,5.56,25.8,29.6
AS Rajpoot,7,26,6.5,63.41,7.32,0.64,0.0,5,18.4,3.68,15.7,20.3
AS Raut,16,194,17.64,112.79,11.63,0.0,0.0,5,58.4,11.69,55.5,61.0
AS Roy,6,26,8.67,108.33,12.5,0.54,0.0,5,22.1,4.42,20.0,23.6
AS Yadav,6,49,7.0,122.5,17.5,0.28,1.5,5,38.1,7.62,31.8,41.5
AT Carey,3,32,16.0,110.34,3.45,0.39,0.0,5,47.7,9.54,43.0,52.7
AT Rayudu,185,4348,28.61,124.58,15.24,0.0,0.0,5,119.8,23.95,113.9,125.8
AU Rashid,2,22,11.0,129.41,17.65,0.44,0.0,5,54.0,10.8,50.2,57.2
AUK Pathan,7,39,7.8,150.0,26.92,0.39,0.0,5,28.2,5.65,25.6,29.5
Abdul Samad,39,579,18.09,141.91,17.89,0.0,0.0,5,72.9,14.58,69.7,76.1
Abhishek Sharma,61,1377,25.04,148.86,21.73,0.0,0.0,5,111.0,22.2,102.9,118.9
Abishek Porel,16,360,22.5,147.54,21.31,0.0,0.0,5,111.7,22.34,103.1,117.3
Akash Deep,3,19,9.5,158.33,25.0,0.48,0.0,5,35.3,7.07,29.6,39.0
Aman Hakim Khan,10,115,12.78,105.5,12.84,0.0,0.0,5,59.6,11.92,55.6,62.0
Anirudh Singh,4,63,15.75,91.3,10.14,0.0,0.0,5,83.2,16.64,76.5,90.9
Ankit Sharma,10,87,12.43,126.09,15.94,0.0,0.0,5,43.6,8.72,41.4,45.0
Anmolpreet Singh,9,139,15.44,118.8,18.8,0.0,0.0,5,77.8,15.56,73.5,81.8
Anuj Rawat,21,318,22.71,115.22,14.49,0.0,0.0,5,77.3,15.47,71.6,83.3
Anureet Singh,8,36,9.0,76.6,6.38,0.4,0.0,5,22.8,4.56,21.2,23.8
Arshad Khan,6,96,24.0,143.28,16.42,0.0,0.0,5,67.8,13.56,53.3,76.7
Arshdeep Singh,11,29,5.8,69.05,9.52,0.57,0.0,5,14.1,2.82,12.2,15.2
Ashutosh Sharma,9,189,23.62,160.17,21.19,0.0,0.0,5,100.3,20.07,85.4,109.1
Atharva Taide,9,247,30.88,139.55,19.77,0.0,0.0,5,119.4,23.88,104.4,133.2
Avesh Khan,9,41,41.0,164.0,24.0,0.48,0.0,5,24.3,4.86,18.9,23.7
Azhar Mahmood,21,388,20.42,124.76,16.72,0.0,0.0,5,92.2,18.44,84.9,96.8
Azmatullah Omarzai,4,42,10.5,123.53,11.76,0.27,0.0,5,47.6,9.53,41.2,51.6
B Akhil,11,76,10.86,133.33,17.54,0.0,0.52,5,37.4,7.47,33.2,40.0
B Chipli,21,280,17.5,109.38,13.67,0.0,0.0,5,71.2,14.24,67.3,77.6
B Indrajith,3,21,7.0,67.74,6.45,0.51,0.0,5,38.8,7.76,32.4,42.5
B Kumar,65,306,9.0,90.53,9.76,0.0,0.0,5,25.3,5.07,22.9,27.0
B Laughlin,4,5,2.5,38.46,0.0,0.88,0.0,5,6.7,1.33,4.1,8.4
B Lee,19,124,12.4,121.57,15.69,0.0,0.0,5,34.9,6.98,29.2,39.1
B Sai Sudharsan,25,1034,49.24,134.29,16.49,0.0,0.0,5,178.0,35.59,151.6,204.6
B Sumanth,4,35,35.0,92.11,7.89,0.41,0.0,5,42.8,8.56,34.6,43.8
BA Stokes,43,935,22.8,130.22,15.74,0.0,0.0,5,106.2,21.24,100.5,110.5
BB McCullum,109,2882,27.19,126.85,18.62,0.0,40.25,5,130.4,26.07,122.1,135.1
BB Samantray,8,125,25.0,107.76,12.93,0.0,0.0,5,78.4,15.68,76.4,80.5
BB Sran,7,10,10.0,71.43,0.0,0.87,0.0,5,7.3,1.46,5.7,7.9
BCJ Cutting,17,238,21.64,163.01,23.29,0.0,0.0,5,72.1,14.41,64.5,75.9
BJ Haddin,1,18,18.0,163.64,27.27,0.46,0.0,5,101.6,20.32,84.0,107.0
BJ Hodge,63,1400,30.43,121.42,14.31,0.0,0.0,5,111.7,22.35,108.3,116.4
BJ Rohrer,8,193,27.57,132.19,17.81,0.0,0.0,5,120.3,24.07,113.7,125.3
BMAJ Mendis,3,23,7.67,85.19,0.0,0.51,0.0,5,35.9,7.18,32.6,40.0
BR Dunk,3,40,13.33,111.11,19.44,0.23,0.0,5,64.4,12.89,59.1,67.5
Basil Thampi,7,32,16.0,86.49,5.41,0.47,0.0,5,22.4,4.48,19.9,24.8
Bipul Sharma,17,187,31.17,150.81,16.13,0.0,0.0,5,55.9,11.19,52.3,57.9
C Green,28,707,35.35,149.79,19.92,0.0,0.0,5,121.9,24.38,114.1,131.4
C Madan,1,15,15.0,71.43,14.29,0.55,0.0,5,90.3,18.06,75.0,102.2
C Munro,11,177,19.67,122.92,18.75,0.0,0.0,5,83.1,16.62,78.3,86.2
C Sakariya,7,20,4.0,64.52,9.68,0.69,0.0,5,16.2,3.24,14.1,18.2
C de Grandhomme,21,303,20.2,132.31,15.72,0.0,0.0,5,67.3,13.47,60.3,72.3
CA Ingram,15,205,17.08,112.02,14.75,0.0,0.0,5,68.2,13.65,63.1,70.2
CA Lynn,42,1329,34.08,136.45,20.33,0.0,0.0,5,147.9,29.58,135.8,160.3
CA Pujara,22,390,21.67,96.77,13.4,0.0,0.0,5,94.7,18.95,72.6,116.4
CH Gayle,141,4997,39.04,142.12,21.81,0.0,0.0,5,172.1,34.42,162.5,181.5
CH Morris,49,618,21.31,149.64,18.4,0.0,0.0,5,61.2,12.23,58.4,63.1
CJ Anderson,29,538,24.45,123.39,16.28,0.0,0.0,5,96.5,19.29,89.9,102.2
CJ Ferguson,8,98,16.33,82.35,7.56,0.0,0.0,5,66.5,13.3,59.9,72.4
CJ Jordan,12,81,9.0,100.0,7.41,0.0,0.0,5,34.5,6.9,30.9,37.6
CJ McKay,1,8,8.0,53.33,0.0,0.76,0.0,5,45.1,9.01,40.0,50.0
CK Kapugedera,3,16,5.33,66.67,0.0,0.66,0.0,5,25.2,5.05,21.5,28.7
CL White,45,971,27.74,125.45,14.73,0.0,1.5,5,107.2,21.45,105.0,109.7
CM Gautam,13,169,18.78,106.96,14.56,0.0,0.0,5,68.3,13.66,65.0,69.0
CR Brathwaite,14,181,12.93,150.83,21.67,0.0,0.0,5,67.2,13.45,61.9,72.0
CR Woakes,12,78,15.6,101.3,11.69,0.1,0.0,5,30.5,6.1,28.9,33.5
CV Varun,10,25,12.5,51.02,4.08,0.62,0.0,5,14.1,2.82,12.6,15.0
D Brevis,10,230,23.0,130.68,18.75,0.0,0.0,5,115.0,22.99,108.8,120.1
D Ferreira,2,8,4.0,72.73,0.0,0.79,0.0,5,22.9,4.57,20.0,26.7
D Padikkal,64,1559,24.75,117.84,16.02,0.0,0.0,5,122.4,24.49,117.0,127.5
D Pretorius,5,44,11.0,157.14,21.43,0.19,0.0,5,41.5,8.31,39.3,43.4
D Salunkhe,3,33,33.0,137.5,20.83,0.19,5.2,5,58.6,11.72,53.6,62.4
D Wiese,11,148,24.67,140.95,18.1,0.0,0.0,5,67.5,13.49,63.1,71.4
D du Preez,1,10,10.0,76.92,0.0,0.7,0.0,5,50.0,9.99,46.0,53.8
DA Miller,123,2924,34.81,134.68,15.71,0.0,0.0,5,111.2,22.24,105.5,119.3
DA Warner,184,6567,40.04,135.43,18.54,0.0,0.0,5,165.5,33.1,157.8,180.3
DB Das,22,304,25.33,113.86,14.61,0.0,0.0,5,71.1,14.23,67.3,75.9
DB Ravi Teja,25,375,18.75,115.38,13.54,0.0,0.0,5,75.7,15.13,71.1,79.2
DE Bollinger,4,21,21.0,91.3,8.7,0.5,0.0,5,28.2,5.63,26.2,30.1
DG Nalkande,2,12,6.0,100.0,8.33,0.64,0.0,5,33.9,6.79,30.0,35.6
DH Yagnik,17,170,18.89,119.72,17.61,0.0,0.0,5,53.9,10.79,49.1,54.8
DJ Bravo,110,1560,22.61,125.1,14.92,0.0,0.0,5,72.5,14.51,69.4,75.2
DJ Harris,4,111,37.0,107.77,15.53,0.0,0.0,5,140.2,28.04,113.0,158.7
DJ Hooda,96,1466,19.04,125.3,13.42,0.0,0.0,5,76.7,15.35,74.2,82.8
DJ Hussey,61,1322,26.98,120.07,13.62,0.0,8.7,5,112.0,22.39,104.4,116.9
DJ Jacobs,7,92,13.14,91.09,13.86,0.0,0.0,5,70.5,14.1,66.1,73.9
DJ Malan,1,26,26.0,100.0,7.69,0.21,0.0,5,142.0,28.39,124.5,161.8
DJ Mitchell,15,351,27.0,128.1,13.87,0.0,0.0,5,112.1,22.43,106.1,118.2
DJ Thornely,4,39,13.0,72.22,7.41,0.06,0.0,5,55.0,11.0,45.7,62.7
DJ Willey,5,53,17.67,82.81,10.94,0.11,0.0,5,56.3,11.27,51.7,62.4
DJG Sammy,20,295,19.67,117.53,13.15,0.0,0.0,5,72.6,14.51,64.6,79.0
DJM Short,7,115,16.43,112.75,15.69,0.0,0.0,5,83.4,16.68,75.9,88.1
DL Chahar,12,80,11.43,131.15,13.11,0.0,0.0,5,34.3,6.86,31.6,36.2
DL Vettori,16,121,17.29,102.54,11.02,0.0,0.0,5,38.9,7.77,36.5,39.6
DP Conway,22,924,46.2,138.12,19.43,0.0,0.0,5,191.6,38.32,152.9,228.7
DP Nannes,2,4,4.0,30.77,0.0,0.9,0.0,5,12.6,2.51,6.0,18.0
DPMD Jayawardene,78,1808,28.25,118.79,15.77,0.0,0.0,5,117.4,23.48,109.9,122.9
DR Martyn,1,19,9.5,73.08,3.85,0.43,0.0,5,101.8,20.36,90.0,109.5
DR Sams,13,44,4.4,91.67,8.33,0.42,0.0,5,17.6,3.51,13.6,20.4
DR Shorey,2,13,6.5,65.0,5.0,0.72,0.0,5,32.1,6.43,28.9,34.2
DR Smith,88,2385,29.44,132.28,20.08,0.0,0.0,5,135.3,27.06,127.1,139.2
DS Kulkarni,20,104,11.56,92.04,7.96,0.0,0.0,5,26.6,5.32,24.6,28.0
DS Lehmann,2,18,9.0,94.74,15.79,0.49,0.2,5,50.6,10.13,45.0,56.3
DT Christian,41,460,16.43,112.75,10.29,0.0,0.0,5,55.6,11.12,45.2,64.5
DT Patil,2,13,13.0,100.0,7.69,0.7,0.0,5,32.4,6.48,29.6,34.0
DW Steyn,33,167,7.59,102.45,10.43,0.0,0.0,5,29.8,5.97,22.3,34.0
Dhruv Jurel,22,347,26.69,146.41,18.99,0.0,0.0,5,78.1,15.62,74.0,81.7
E Lewis,26,654,27.25,131.06,19.64,0.0,0.0,5,131.2,26.24,123.8,139.7
EJG Morgan,74,1406,23.05,119.05,14.9,0.0,0.0,5,104.1,20.81,100.4,110.0
ER Dwivedi,2,24,12.0,160.0,26.67,0.41,0.0,5,62.8,12.57,51.7,69.8
F Behardien,3,14,7.0,107.69,15.38,0.69,0.0,5,23.1,4.61,21.1,24.0
F du Plessis,138,4571,36.57,133.07,17.12,0.0,0.0,5,163.5,32.7,155.7,173.9
FA Allen,3,14,7.0,73.68,5.26,0.7,0.0,5,21.5,4.29,19.2,22.8
FY Fazal,11,183,20.33,102.23,12.85,0.0,0.0,5,83.3,16.67,77.8,86.2
Fazalhaq Farooqi,2,3,3.0,23.08,0.0,0.93,0.0,5,9.5,1.9,4.3,14.1
G Coetzee,5,14,3.5,63.64,4.55,0.73,0.0,5,14.1,2.81,11.9,15.7
G Gambhir,151,4217,31.24,119.67,15.64,0.0,11.6,5,141.6,28.33,135.6,151.4
GB Hogg,4,22,11.0,100.0,4.55,0.57,0.0,5,26.9,5.37,24.9,28.8
GC Smith,29,739,24.63,106.95,14.91,0.0,0.0,5,130.6,26.13,117.0,142.6
GD Phillips,8,65,9.29,118.18,16.36,0.05,0.0,5,42.1,8.42,37.7,46.8
GH Vihari,23,284,14.2,85.8,7.25,0.0,0.0,5,63.5,12.7,61.2,67.8
GJ Bailey,36,663,22.86,120.11,14.13,0.0,0.0,5,91.9,18.39,87.3,96.1
GJ Maxwell,128,2772,24.97,150.49,21.34,0.0,0.0,5,113.7,22.73,104.2,113.2
GR Napier,1,15,15.0,93.75,6.25,0.55,0.0,5,84.3,16.86,73.3,92.2
Gulbadin Naib,1,19,19.0,126.67,13.33,0.43,0.0,5,98.3,19.67,87.5,105.8
Gurkeerat Singh,32,511,18.93,117.2,15.14,0.0,0.0,5,82.4,16.47,79.0,88.3
H Klaasen,32,993,38.19,161.99,19.58,0.0,0.0,5,136.1,27.22,115.5,147.3
HC Brook,11,190,21.11,119.5,16.98,0.0,0.0,5,86.1,17.22,79.9,88.7
HE van der Dussen,3,22,11.0,88.0,8.0,0.58,0.0,5,36.2,7.24,33.3,38.8
HH Gibbs,36,886,27.69,105.85,13.62,0.0,0.0,5,127.1,25.41,116.4,133.9
HH Pandya,128,2534,28.47,139.69,17.97,0.0,0.0,5,98.8,19.75,92.5,105.4
HM Amla,16,577,44.38,138.04,19.38,0.0,0.0,5,172.1,34.41,154.9,187.0
HR Shokeen,5,66,22.0,98.51,13.43,0.0,0.0,5,71.4,14.28,64.5,76.2
HV Patel,37,249,9.58,116.36,14.49,0.0,0.0,5,36.4,7.27,32.3,37.5
Harbhajan Singh,88,833,14.88,130.97,19.03,0.0,0.35,5,53.3,10.67,46.1,57.5
Harmeet Singh,4,18,9.0,150.0,25.0,0.57,0.0,5,26.3,5.27,19.4,29.8
Harpreet Brar,24,233,19.42,115.92,13.93,0.0,0.0,5,51.3,10.27,46.0,56.0
Harpreet Singh,8,123,20.5,103.36,10.92,0.0,0.0,5,76.3,15.27,74.8,79.1
I Sharma,21,57,8.14,80.28,8.45,0.46,0.0,5,13.8,2.77,12.6,14.7
I Udana,4,15,5.0,136.36,18.18,0.67,0.0,5,19.9,3.98,16.6,21.6
IK Pathan,82,1150,21.7,116.75,12.79,0.0,0.68,5,72.2,14.44,67.3,76.2
IR Jaggi,7,76,15.2,76.0,6.0,0.0,0.0,5,56.2,11.24,50.9,61.4
IS Sodhi,2,7,3.5,38.89,0.0,0.82,0.0,5,21.7,4.33,16.7,26.7
Imran Tahir,8,33,8.25,89.19,13.51,0.53,0.0,5,21.6,4.31,19.6,23.1
Iqbal Abdulla,13,88,88.0,102.33,11.63,0.0,0.0,5,35.7,7.14,31.6,36.7
Ishan Kishan,99,2644,29.05,132.8,18.78,0.0,0.0,5,133.4,26.68,124.8,136.5
J Arunkumar,3,23,7.67,95.83,20.83,0.33,0.0,5,46.1,9.22,37.9,52.7
J Botha,28,409,18.59,112.36,12.09,0.0,0.0,5,70.6,14.12,63.8,75.8
J Fraser-McGurk,9,330,41.25,220.0,40.0,0.0,0.0,5,179.4,35.88,142.0,207.2
J Suchith,9,70,17.5,112.9,14.52,0.0,0.0,5,40.5,8.09,36.9,44.4
J Syed Mohammad,5,29,14.5,107.41,14.81,0.5,0.0,5,28.9,5.77,26.9,30.8
J Theron,4,10,5.0,76.92,7.69,0.78,0.0,5,13.7,2.73,12.2,14.6
J Yadav,4,40,20.0,105.26,7.89,0.21,0.0,5,45.4,9.08,41.6,49.0
JA Morkel,67,975,24.38,136.94,16.29,0.0,0.0,5,71.3,14.26,59.4,80.2
JA Richardson,3,17,5.67,62.96,7.41,0.54,0.0,5,34.8,6.97,30.6,39.0
JC Archer,23,199,15.31,150.76,18.94,0.0,0.0,5,43.2,8.63,39.7,46.8
JC Buttler,106,3583,37.32,142.24,20.52,0.0,0.0,5,171.9,34.37,159.2,179.0
JD Ryder,29,604,20.83,129.61,18.88,0.0,0.0,5,108.2,21.65,100.4,112.1
JD Unadkat,27,197,14.07,115.88,13.53,0.0,0.0,5,37.0,7.4,35.0,38.2
JDP Oram,11,106,13.25,96.36,10.0,0.0,2.92,5,47.0,9.4,40.4,52.8
JDS Neesham,10,92,11.5,98.92,8.6,0.0,0.0,5,45.8,9.15,42.7,47.9
JE Root,1,10,10.0,66.67,6.67,0.7,0.0,5,53.0,10.61,49.0,56.8
JEC Franklin,16,327,29.73,105.83,11.0,0.0,0.0,5,96.4,19.29,91.4,103.5
JH Kallis,95,2427,27.27,105.94,13.05,0.0,6.38,5,126.9,25.39,119.4,134.6
JJ Bumrah,26,68,8.5,85.0,7.5,0.32,0.0,5,12.2,2.44,11.0,13.3
JJ Roy,21,614,32.32,133.48,20.87,0.0,0.0,5,148.5,29.71,137.4,156.6
JJ van der Wath,3,18,9.0,105.88,11.76,0.56,0.0,5,32.2,6.45,29.6,34.7
JL Pattinson,2,15,15.0,115.38,15.38,0.65,0.0,5,36.3,7.27,33.1,38.1
JM Bairstow,50,1589,33.1,140.37,20.76,0.0,0.0,5,145.6,29.12,132.2,157.3
JM Kemp,2,26,13.0,104.0,8.0,0.32,0.0,5,66.3,13.26,61.6,71.4
JM Sharma,36,730,22.81,145.71,19.56,0.0,0.0,5,103.2,20.65,96.6,105.9
JO Holder,27,259,12.33,119.35,14.29,0.0,0.0,5,45.6,9.13,42.7,48.8
JP Duminy,75,2029,41.41,120.77,12.2,0.0,0.0,5,121.1,24.22,98.3,140.5
JP Faulkner,45,527,18.82,129.8,14.53,0.0,0.0,5,58.8,11.75,57.0,60.6
JR Hazlewood,6,19,19.0,65.52,3.45,0.68,0.0,5,15.5,3.11,13.3,17.0
JR Hopes,19,417,24.53,132.8,19.11,0.0,15.98,5,110.9,22.18,100.0,117.0
JR Philippe,5,78,19.5,97.5,12.5,0.0,0.0,5,78.4,15.68,73.1,83.5
Jaskaran Singh,4,8,4.0,72.73,0.0,0.85,0.0,5,10.6,2.11,9.3,11.9
Joginder Sharma,5,36,9.0,120.0,10.0,0.31,0.0,5,34.9,6.98,30.4,38.0
K Goel,16,218,15.57,91.21,10.88,0.0,5.4,5,76.6,15.33,67.1,84.8
K Gowtham,27,247,13.72,155.35,20.13,0.0,0.0,5,45.1,9.02,41.8,47.9
K Kartikeya,2,9,4.5,69.23,7.69,0.8,0.0,5,26.2,5.24,23.6,28.8
K Rabada,28,206,12.88,99.52,11.59,0.0,0.0,5,37.8,7.56,35.9,38.4
KA Jamieson,7,65,21.67,118.18,14.55,0.14,0.0,5,42.4,8.47,37.3,45.9
KA Pollard,168,3437,26.64,140.46,18.19,0.0,0.0,5,108.3,21.66,84.8,126.4
KB Arun Karthik,8,51,10.2,96.23,9.43,0.26,0.0,5,31.4,6.28,30.6,32.6
KC Cariappa,5,24,8.0,114.29,9.52,0.54,0.0,5,24.8,4.95,21.8,25.5
KC Sangakkara,68,1687,24.45,118.47,15.59,0.0,12.15,5,125.4,25.09,118.2,134.0
KD Karthik,233,4843,25.62,131.35,17.01,0.0,0.0,5,106.3,21.26,97.6,114.6
KH Pandya,107,1647,22.26,127.97,15.93,0.0,0.0,5,76.1,15.23,73.1,78.6
KK Cooper,12,116,12.89,165.71,24.29,0.0,0.0,5,50.0,9.99,45.3,52.6
KK Nair,68,1496,23.02,125.5,16.78,0.0,0.0,5,113.8,22.76,109.3,119.3
KL Nagarkoti,7,22,5.5,64.71,2.94,0.66,0.0,5,15.3,3.05,14.3,16.2
KL Rahul,122,4689,44.24,131.05,16.41,0.0,0.0,5,178.0,35.6,167.2,195.3
KM Jadhav,81,1208,22.37,119.37,14.03,0.0,0.0,5,75.4,15.08,70.5,79.6
KMA Paul,5,18,4.5,69.23,7.69,0.71,0.0,5,16.6,3.32,13.9,18.5
KP Pietersen,36,1001,34.52,132.06,17.28,0.0,0.0,5,136.8,27.37,130.8,146.2
KR Mayers,13,379,29.15,137.32,21.74,0.0,0.0,5,158.0,31.61,134.8,183.1
KS Bharat,8,199,28.43,118.45,11.9,0.0,0.0,5,110.8,22.16,99.7,121.6
KS Sharma,3,16,5.33,64.0,4.0,0.69,0.0,5,27.0,5.39,23.3,30.6
KS Williamson,76,2132,36.14,122.95,14.48,0.0,0.0,5,134.1,26.82,114.8,155.2
KV Sharma,39,351,14.04,114.71,12.09,0.0,0.0,5,44.4,8.89,42.5,46.8
KW Richardson,4,36,12.0,92.31,7.69,0.18,0.0,5,45.6,9.12,42.1,48.4
Kamran Akmal,6,128,32.0,164.1,26.92,0.0,0.0,5,104.1,20.83,94.8,111.2
Karanveer Singh,4,12,12.0,70.59,5.88,0.8,0.0,5,14.5,2.89,12.6,15.4
Kartik Tyagi,6,13,3.25,81.25,6.25,0.77,0.0,5,12.2,2.44,9.0,13.0
Kuldeep Yadav,32,183,18.3,81.7,8.48,0.0,0.0,5,31.9,6.39,27.7,32.7
L Balaji,13,36,5.14,72.0,6.0,0.45,0.0,5,14.2,2.84,13.1,14.8
L Ronchi,5,34,11.33,91.89,18.92,0.43,1.4,5,35.6,7.12,33.2,37.2
LA Carseldine,5,81,27.0,114.08,15.49,0.0,0.0,5,84.9,16.99,74.3,90.8
LA Pomersbach,16,302,27.45,120.32,15.14,0.0,0.0,5,97.7,19.53,92.1,103.5
LH Ferguson,7,68,17.0,141.67,16.67,0.0,0.0,5,47.2,9.45,36.6,56.3
LJ Wright,5,106,26.5,168.25,30.16,0.0,0.0,5,111.6,22.32,93.1,119.7
LMP Simmons,29,1079,39.96,122.89,17.43,0.0,0.0,5,179.8,35.96,162.1,197.3
LPC Silva,3,40,20.0,148.15,22.22,0.14,0.0,5,64.9,12.98,58.9,67.6
LR Shukla,33,405,13.97,113.13,13.69,0.0,0.6,5,64.0,12.8,54.5,77.2
LRPL Taylor,54,1017,24.8,120.07,13.22,0.0,4.02,5,95.2,19.05,91.6,99.7
LS Livingstone,39,939,28.45,154.19,21.67,0.0,0.0,5,122.6,24.52,110.5,134.7
Lalit Yadav,21,305,20.33,101.33,11.3,0.0,0.0,5,70.5,14.11,69.1,73.0
M Ashwin,12,35,4.38,70.0,6.0,0.56,0.0,5,14.3,2.87,13.3,15.3
M Jansen,12,66,8.25,92.96,9.86,0.13,0.0,5,27.6,5.53,25.8,28.8
M Kaif,22,259,16.19,100.39,10.85,0.0,1.8,5,58.9,11.77,47.8,66.4
M Kartik,14,113,16.14,103.67,7.34,0.0,0.0,5,38.2,7.63,34.4,41.1
M Klinger,4,73,18.25,93.59,11.54,0.0,0.0,5,95.0,19.0,88.8,100.3
M Manhas,38,514,21.42,105.76,10.91,0.0,0.0,5,70.2,14.03,62.0,79.3
M Markande,10,48,16.0,109.09,13.64,0.34,0.0,5,22.0,4.39,17.7,25.2
M Morkel,20,126,11.45,135.48,17.2,0.0,0.0,5,30.7,6.14,29.0,31.7
M Muralitharan,9,20,3.33,66.67,3.33,0.72,0.0,5,11.7,2.34,10.2,13.2
M Ntini,2,11,11.0,57.89,10.53,0.67,0.0,5,31.9,6.38,27.5,33.6
M Prasidh Krishna,7,9,4.5,37.5,0.0,0.85,0.0,5,7.5,1.5,5.5,8.9
M Rawat,11,55,11.0,78.57,7.14,0.21,0.4,5,25.2,5.04,22.8,28.3
M Shahrukh Khan,37,553,22.12,133.9,17.43,0.0,0.0,5,76.6,15.31,72.7,79.9
M Vijay,105,2619,27.0,118.61,15.31,0.0,0.0,5,127.0,25.4,122.2,131.2
M Vohra,51,1083,22.56,125.49,17.03,0.0,0.0,5,109.1,21.82,103.2,113.4
MA Agarwal,121,2669,23.01,128.26,17.44,0.0,0.0,5,113.4,22.67,109.1,116.2
MA Khote,3,24,12.0,109.09,13.64,0.58,0.0,5,37.7,7.54,35.5,40.5
MA Starc,16,105,13.12,96.33,10.09,0.0,0.0,5,36.1,7.22,33.6,38.5
MA Wood,3,12,6.0,120.0,20.0,0.69,0.0,5,23.8,4.75,21.1,25.0
MC Henriques,54,1000,26.32,124.84,14.36,0.0,0.0,5,91.9,18.37,89.0,95.6
MC Juneja,7,125,17.86,93.28,8.96,0.0,0.0,5,90.6,18.12,83.8,94.4
MD Mishra,17,237,15.8,111.27,15.02,0.0,0.0,5,70.8,14.15,62.6,76.6
MD Shanaka,3,26,13.0,100.0,11.54,0.42,0.0,5,43.4,8.69,40.2,46.1
MDKJ Perera,2,14,7.0,107.69,23.08,0.58,0.0,5,43.9,8.78,36.2,47.0
MEK Hussey,58,1977,38.02,119.96,15.17,0.0,26.1,5,166.6,33.31,153.3,181.6
MF Maharoof,14,177,17.7,142.74,16.94,0.0,0.0,5,66.0,13.2,61.7,68.4
MG Bracewell,4,58,29.0,118.37,14.29,0.0,0.0,5,76.4,15.28,65.1,81.5
MG Johnson,28,167,11.93,99.4,10.12,0.0,0.0,5,30.8,6.16,24.1,36.5
MJ Clarke,6,98,16.33,102.08,12.5,0.0,0.0,5,83.2,16.64,76.0,88.0
MJ Guptill,13,271,22.58,137.56,19.8,0.0,0.0,5,104.5,20.9,99.8,108.8
MJ Lumb,12,278,27.8,140.4,25.76,0.0,0.0,5,119.2,23.85,101.8,123.1
MJ McClenaghan,20,85,7.73,116.44,16.44,0.05,0.0,5,22.1,4.43,19.6,23.0
MJ Santner,11,70,11.67,90.91,9.09,0.09,0.0,5,31.3,6.27,29.1,34.0
MK Lomror,35,527,17.57,135.48,16.2,0.0,0.0,5,74.2,14.84,73.6,76.5
MK Pandey,158,3859,29.02,117.37,13.56,0.0,0.0,5,123.2,24.63,113.8,135.0
MK Tiwary,83,1695,27.79,113.83,13.16,0.0,0.0,5,99.7,19.94,92.7,105.2
ML Hayden,32,1107,39.54,131.94,19.67,0.0,5.62,5,168.8,33.76,161.4,178.2
MM Ali,57,1162,23.71,136.87,19.08,0.0,0.0,5,104.8,20.96,98.7,111.8
MM Patel,12,39,7.8,95.12,12.2,0.26,0.0,5,17.2,3.44,15.6,19.0
MM Sharma,28,124,7.75,90.51,9.49,0.0,0.0,5,23.7,4.74,21.2,23.3
MN Samuels,14,161,13.42,92.53,9.2,0.0,0.0,5,58.8,11.76,53.9,63.8
MN van Wyk,5,167,55.67,123.7,14.81,0.0,0.0,5,160.0,32.0,136.8,181.5
MP Stoinis,88,1866,27.85,136.6,17.64,0.0,0.0,5,95.0,19.0,87.9,97.9
MR Marsh,36,665,20.78,125.0,16.17,0.0,0.0,5,95.0,19.0,89.0,99.6
MS Bisla,39,798,21.57,108.28,15.74,0.0,0.0,5,107.4,21.47,99.8,115.1
MS Dhoni,228,5243,35.19,132.84,15.58,0.0,0.45,5,111.4,22.29,103.6,117.1
MS Gony,15,99,11.0,130.26,18.42,0.0,0.0,5,33.4,6.69,29.1,36.4
MS Wade,14,183,14.08,98.92,13.51,0.0,0.0,5,72.6,14.52,61.8,77.4
MV Boucher,23,394,26.27,123.9,14.15,0.0,8.57,5,81.0,16.21,75.9,85.3
MW Short,6,117,19.5,118.18,19.19,0.0,0.0,5,106.9,21.38,93.1,120.7
Mandeep Singh,97,1706,20.07,120.31,15.09,0.0,0.0,5,91.3,18.25,84.5,95.1
Misbah-ul-Haq,8,117,13.0,142.68,19.51,0.0,0.0,5,71.2,14.24,62.3,76.3
Mohammad Ashraful,1,2,2.0,16.67,0.0,0.94,0.0,5,16.6,3.31,7.5,23.3
Mohammad Hafeez,8,64,8.0,76.19,10.71,0.2,3.2,5,40.8,8.16,34.2,45.1
Mohammad Nabi,19,221,13.0,140.76,19.11,0.0,0.0,5,58.5,11.69,55.8,61.8
Mohammed Shami,23,74,5.69,90.24,9.76,0.19,0.0,5,16.1,3.22,12.9,17.8
Mohammed Siraj,20,109,10.9,89.34,11.48,0.02,0.0,5,28.1,5.62,25.1,29.8
Mohsin Khan,5,25,12.5,92.59,11.11,0.52,0.0,5,25.6,5.11,23.9,26.8
Mujeeb Ur Rahman,6,12,4.0,80.0,13.33,0.69,0.0,5,11.8,2.35,9.6,12.3
Mukesh Kumar,5,10,10.0,50.0,0.0,0.8,0.0,5,10.1,2.01,8.3,11.9
Mustafizur Rahman,6,13,13.0,56.52,4.35,0.74,0.0,5,11.9,2.39,10.0,12.9
N Jagadeesan,10,162,18.0,104.52,14.84,0.0,0.0,5,84.6,16.92,80.2,87.7
N Pooran,72,1769,31.59,154.77,21.0,0.0,0.0,5,114.7,22.93,106.0,120.5
N Rana,101,2636,28.04,130.82,18.16,0.0,0.0,5,133.2,26.64,129.7,134.8
N Saini,10,140,12.73,97.9,11.19,0.0,0.0,5,77.0,15.39,67.7,84.1
N Wadhera,16,350,23.33,134.1,19.16,0.0,0.0,5,110.1,22.01,104.9,114.7
ND Doshi,1,0,0.0,0.0,0.0,1.0,0.0,5,13.5,2.7,5.0,18.3
NJ Maddinson,3,20,6.67,95.24,19.05,0.6,0.0,5,35.7,7.14,30.6,38.7
NK Patel,6,121,24.2,97.58,12.1,0.0,0.0,5,104.7,20.95,99.8,108.3
NL McCullum,2,26,8.67,113.04,4.35,0.44,0.0,5,60.3,12.05,54.9,64.8
NLTC Perera,30,424,17.67,130.06,15.03,0.0,0.0,5,69.4,13.88,62.2,77.4
NM Coulter-Nile,16,82,8.2,109.33,14.67,0.1,0.0,5,26.1,5.23,22.9,27.9
NS Naik,4,31,7.75,58.49,3.77,0.3,0.0,5,42.7,8.55,38.3,46.4
NT Ellis,5,19,4.75,73.08,3.85,0.59,0.0,5,19.6,3.92,18.0,21.0
NV Ojha,94,1554,21.0,114.26,14.71,0.0,0.0,5,84.2,16.83,81.7,87.7
Naman Dhir,7,140,23.33,166.67,26.19,0.0,0.0,5,101.9,20.39,90.9,110.8
Navdeep Saini,7,33,8.25,86.84,7.89,0.5,0.0,5,23.0,4.59,20.7,24.8
Naveen-ul-Haq,4,18,9.0,69.23,7.69,0.6,0.0,5,23.7,4.74,22.5,24.8
Nithish Kumar Reddy,11,303,33.67,137.1,16.29,0.0,0.0,5,137.9,27.59,121.1,143.3
Noor Ahmad,5,13,3.25,72.22,11.11,0.75,0.0,5,14.0,2.8,11.9,14.7
OA Shah,22,506,38.92,124.94,14.07,0.0,0.0,5,112.1,22.41,107.6,117.8
OF Smith,6,51,17.0,102.0,12.0,0.1,0.0,5,42.6,8.52,37.5,43.9
P Awana,5,5,1.67,35.71,0.0,0.88,0.0,5,5.4,1.09,3.2,6.8
P Dogra,12,127,10.58,90.07,6.38,0.0,0.0,5,51.0,10.19,40.2,62.1
P Dubey,2,23,23.0,69.7,6.06,0.47,0.0,5,59.3,11.87,52.3,65.6
P Kumar,57,340,10.0,105.26,12.07,0.0,4.5,5,30.1,6.02,28.5,31.7
P Negi,35,365,14.04,121.26,14.29,0.0,0.0,5,51.7,10.34,49.3,52.7
P Ray Barman,1,19,19.0,76.0,8.0,0.43,0.0,5,104.9,20.98,91.8,113.5
P Sahu,2,19,19.0,146.15,15.38,0.46,0.0,5,49.8,9.96,43.5,53.6
P Simran Singh,34,756,21.6,143.18,22.54,0.0,0.0,5,114.2,22.83,108.5,117.9
PA Patel,136,2848,22.43,116.63,16.95,0.0,3.38,5,113.6,22.72,102.1,126.7
PA Reddy,10,164,16.4,98.2,10.18,0.0,0.0,5,83.9,16.77,80.2,87.1
PBB Rajapaksa,13,277,23.08,137.81,18.41,0.0,0.0,5,103.5,20.7,99.9,108.8
PC Valthaty,23,505,22.95,116.9,18.75,0.0,0.0,5,116.2,23.25,109.9,122.7
PD Collingwood,7,203,50.75,127.67,13.84,0.0,0.0,5,138.6,27.73,123.8,149.4
PD Salt,21,653,32.65,169.61,28.05,0.0,0.0,5,152.2,30.44,126.8,179.7
PJ Cummins,39,515,17.76,143.45,18.66,0.0,0.0,5,64.6,12.92,59.7,68.7
PJ Sangwan,14,26,3.25,55.32,2.13,0.69,0.0,5,9.7,1.94,8.6,10.6
PK Garg,19,273,14.37,110.53,10.12,0.0,0.0,5,69.9,13.98,64.6,74.2
PN Mankad,5,97,32.33,129.33,20.0,0.0,0.0,5,95.9,19.18,83.9,106.5
PP Chawla,86,624,10.95,107.59,13.1,0.0,0.0,5,40.2,8.04,35.8,42.7
PP Ojha,19,16,1.6,35.56,0.0,0.85,0.0,5,7.4,1.47,4.2,9.3
PP Shaw,79,1892,24.57,143.22,22.63,0.0,0.0,5,120.4,24.08,109.6,131.4
PR Shah,9,92,11.5,94.85,11.34,0.0,3.32,5,53.8,10.75,50.4,55.5
PSP Handscomb,1,6,6.0,50.0,0.0,0.82,0.0,5,35.9,7.17,31.6,41.2
PV Tambe,6,18,18.0,46.15,2.56,0.74,0.0,5,15.6,3.13,10.6,20.0
PVD Chameera,7,43,14.33,134.38,18.75,0.27,0.0,5,29.8,5.97,28.2,31.2
PWH de Silva,14,72,6.55,90.0,10.0,0.19,0.0,5,23.7,4.75,21.2,25.4
Pankaj Singh,5,7,3.5,58.33,0.0,0.87,0.0,5,7.6,1.53,5.0,9.9
Parvez Rasool,4,17,8.5,85.0,5.0,0.67,0.0,5,19.5,3.91,16.8,21.9
Q de Kock,107,3160,31.29,131.12,18.22,0.0,0.0,5,147.7,29.53,139.6,157.0
R Ashwin,89,800,13.56,114.61,12.75,0.0,0.0,5,46.1,9.23,41.2,47.4
R Bhatia,47,342,11.79,117.93,12.76,0.0,0.0,5,37.3,7.47,34.7,38.0
R Bishnoi,3,19,6.33,111.76,17.65,0.46,0.0,5,36.8,7.35,32.1,37.5
R Dhawan,22,210,21.0,111.7,13.3,0.0,0.0,5,48.0,9.59,43.6,49.5
R Dravid,82,2174,28.23,113.35,15.48,0.0,6.1,5,135.7,27.14,126.3,146.5
R McLaren,13,159,19.88,89.33,8.43,0.0,0.0,5,62.7,12.55,58.5,67.4
R Parag,58,1173,24.96,129.04,15.84,0.0,0.0,5,104.5,20.89,98.4,108.1
R Powell,22,360,18.0,141.73,19.29,0.0,0.0,5,87.3,17.46,76.4,95.9
R Rampaul,7,51,10.2,98.08,9.62,0.12,0.0,5,36.8,7.35,34.0,38.9
R Ravindra,10,222,24.67,152.05,23.29,0.0,0.0,5,114.2,22.83,100.9,122.6
R Sathish,24,270,16.88,114.41,11.86,0.0,0.0,5,54.9,10.98,42.6,63.6
R Sharma,19,66,6.0,85.71,10.39,0.2,0.0,5,17.6,3.51,15.6,19.0
R Shepherd,9,115,19.17,169.12,25.0,0.0,0.0,5,64.3,12.86,55.8,71.0
R Shukla,4,19,9.5,82.61,8.7,0.57,0.0,5,24.4,4.88,22.8,25.8
R Tewatia,65,1013,23.56,128.55,16.62,0.0,0.0,5,81.2,16.23,76.3,85.4
R Vinay Kumar,42,310,11.92,107.27,10.38,0.0,0.0,5,38.8,7.76,34.7,41.8
RA Bawa,2,11,5.5,78.57,7.14,0.67,0.0,5,29.7,5.94,27.3,32.0
RA Jadeja,180,2959,25.96,124.43,13.54,0.0,5.8,5,83.4,16.69,77.3,84.1
RA Tripathi,93,2236,27.6,135.52,18.61,0.0,0.0,5,119.4,23.88,113.8,126.3
RD Chahar,22,129,8.06,101.57,14.17,0.0,0.0,5,31.9,6.37,27.8,35.6
RD Gaikwad,65,2380,42.5,133.63,17.29,0.0,0.0,5,172.5,34.51,161.9,185.3
RE Levi,6,83,13.83,112.16,18.92,0.0,0.0,5,75.5,15.09,69.6,79.0
RE van der Merwe,15,159,13.25,110.42,13.19,0.0,0.0,5,57.0,11.4,50.0,63.4
RG Sharma,251,6630,28.58,127.92,16.98,0.0,0.0,5,122.8,24.57,117.5,132.2
RJ Harris,21,117,9.75,104.46,8.04,0.0,0.0,5,27.1,5.41,24.4,28.9
RJ Peterson,5,32,10.67,100.0,12.5,0.37,0.0,5,32.6,6.52,29.7,35.0
RJ Quiney,7,103,14.71,98.1,14.29,0.0,0.0,5,79.2,15.84,71.1,85.3
RK Bhui,4,10,2.5,37.04,0.0,0.77,0.0,5,13.2,2.64,11.4,15.3
RK Singh,40,893,30.79,136.54,17.28,0.0,0.0,5,113.1,22.63,108.5,118.4
RM Patidar,24,799,33.29,149.63,19.66,0.0,0.0,5,157.5,31.5,147.7,163.0
RN ten Doeschate,21,326,19.18,136.97,17.23,0.0,0.0,5,78.1,15.63,71.1,86.3
RP Singh,28,52,3.47,66.67,3.85,0.55,0.15,5,9.1,1.82,7.7,9.6
RR Pant,110,3297,34.34,143.6,19.69,0.0,0.0,5,142.3,28.46,123.3,154.6
RR Powar,9,67,22.33,104.69,10.94,0.02,0.0,5,36.4,7.27,33.4,39.2
RR Raje,5,20,20.0,111.11,11.11,0.62,0.0,5,19.9,3.99,16.6,23.3
RR Rossouw,22,473,22.52,147.35,21.81,0.0,0.0,5,106.5,21.3,88.5,127.3
RR Sarwan,4,73,24.33,93.59,8.97,0.0,0.0,5,87.4,17.48,78.5,95.6
RS Bopara,22,531,27.95,113.46,11.75,0.0,0.0,5,117.4,23.48,108.6,125.5
RT Ponting,9,91,11.38,70.54,5.43,0.0,5.0,5,55.0,11.0,48.2,60.4
RV Gomez,9,50,7.14,94.34,11.32,0.12,0.0,5,29.5,5.89,27.5,31.8
RV Patel,7,80,16.0,105.26,10.53,0.0,0.0,5,56.2,11.25,53.2,60.5
RV Uthappa,197,4954,26.92,126.15,16.88,0.0,8.4,5,126.8,25.36,118.2,135.6
Rahmanullah Gurbaz,13,289,22.23,126.75,18.86,0.0,0.0,5,118.2,23.64,107.3,122.8
Ramandeep Singh,13,170,28.33,160.38,19.81,0.0,0.0,5,63.3,12.66,56.7,69.6
Rashid Khan,58,545,14.73,153.52,21.69,0.0,0.0,5,49.4,9.89,44.0,52.3
Rasikh Salam,6,40,8.0,100.0,12.5,0.46,0.0,5,31.6,6.33,28.9,32.9
Ravi Bishnoi,14,32,4.57,61.54,3.85,0.67,0.0,5,11.2,2.25,9.7,12.6
S Anirudha,12,136,17.0,112.4,13.22,0.0,0.0,5,57.3,11.46,51.9,62.2
S Aravind,10,59,19.67,100.0,11.86,0.3,0.0,5,27.9,5.59,25.6,30.7
S Badree,5,13,2.6,52.0,0.0,0.73,0.0,5,13.1,2.62,10.9,14.9
S Badrinath,65,1441,30.02,115.74,14.62,0.0,6.98,5,108.0,21.6,105.8,114.0
S Chanderpaul,3,25,8.33,75.76,12.12,0.47,2.8,5,43.4,8.68,37.5,47.5
S Dhawan,221,6769,34.89,123.45,16.8,0.0,10.4,5,136.5,27.29,130.6,150.6
S Dube,61,1502,30.04,139.46,17.36,0.0,0.0,5,119.6,23.91,112.5,126.9
S Gopal,22,180,13.85,104.05,12.14,0.0,0.0,5,42.5,8.51,38.9,44.4
S Kaul,9,20,6.67,55.56,2.78,0.69,0.0,5,12.0,2.41,10.9,13.2
S Ladda,2,0,0.0,0.0,0.0,1.0,0.0,5,6.3,1.27,2.5,8.6
S Nadeem,20,39,2.44,44.32,2.27,0.63,0.0,5,11.8,2.37,8.9,13.1
S Narwal,4,37,9.25,127.59,20.69,0.21,0.0,5,47.9,9.58,44.6,49.6
S Rana,8,91,18.2,110.98,12.2,0.0,0.0,5,56.8,11.36,51.2,59.3
S Sohal,20,368,20.44,118.33,16.72,0.0,0.0,5,92.6,18.52,89.2,97.8
S Sreesanth,12,34,11.33,59.65,10.53,0.41,0.0,5,17.8,3.56,14.3,20.6
S Sriram,2,31,15.5,81.58,7.89,0.18,0.0,5,82.4,16.48,76.0,90.5
S Vidyut,8,145,18.12,126.09,20.87,0.0,0.0,5,92.0,18.41,83.9,95.2
SA Abbott,3,22,11.0,122.22,16.67,0.53,0.0,5,38.3,7.66,35.0,38.8
SA Asnodkar,19,423,22.26,120.17,18.75,0.0,0.0,5,115.5,23.1,106.6,122.9
SA Yadav,135,3594,32.09,142.51,20.42,0.0,0.0,5,132.1,26.43,121.9,139.0
SB Bangar,7,49,8.17,84.48,6.9,0.28,2.1,5,36.0,7.2,33.3,39.5
SB Dubey,3,33,16.5,157.14,23.81,0.21,0.0,5,58.6,11.73,52.2,66.5
SB Jakati,5,28,14.0,93.33,10.0,0.52,0.0,5,27.9,5.57,26.5,29.4
SB Joshi,2,6,3.0,37.5,0.0,0.87,0.75,5,15.6,3.12,10.4,19.2
SB Styris,10,131,18.71,97.76,9.7,0.0,0.9,5,64.5,12.9,61.3,65.2
SC Ganguly,56,1349,24.98,101.73,13.5,0.0,4.6,5,127.1,25.41,120.5,130.7
SD Chitnis,8,99,14.14,107.61,13.04,0.0,0.0,5,62.0,12.41,58.5,65.3
SD Hope,9,183,22.88,146.4,19.2,0.0,0.0,5,103.0,20.6,98.0,106.2
SD Lad,1,15,15.0,115.38,15.38,0.55,0.0,5,83.5,16.69,75.0,89.5
SE Marsh,69,2489,38.29,130.11,18.14,0.0,0.0,5,170.7,34.14,162.1,176.7
SE Rutherford,9,106,15.14,99.07,10.28,0.0,0.0,5,62.3,12.45,47.2,70.3
SK Raina,200,5536,32.95,132.54,17.0,0.0,7.2,5,135.9,27.17,126.6,150.2
SK Trivedi,14,42,5.25,68.85,6.56,0.54,0.6,5,15.4,3.08,13.3,16.8
SK Warne,27,198,10.42,90.41,9.13,0.0,2.8,5,37.8,7.56,33.4,40.0
SL Malinga,20,88,7.33,85.44,10.68,0.1,0.0,5,22.7,4.53,19.9,24.6
SM Curran,48,883,24.53,131.2,16.49,0.0,0.0,5,92.4,18.48,89.3,96.7
SM Harwood,2,9,9.0,64.29,0.0,0.8,0.0,5,22.4,4.48,20.6,24.2
SM Katich,11,241,24.1,126.18,17.8,0.0,4.73,5,107.6,21.52,97.2,120.1
SM Pollock,8,147,18.38,126.72,17.24,0.0,4.9,5,94.7,18.93,89.1,97.4
SMSM Senanayake,4,10,10.0,58.82,0.0,0.78,0.0,5,12.6,2.52,11.5,13.3
SN Khan,36,585,20.17,128.29,16.89,0.0,0.0,5,80.0,16.01,76.1,84.9
SN Thakur,35,307,13.35,134.65,17.54,0.0,0.0,5,46.0,9.2,42.0,49.5
SO Hetmyer,65,1243,31.08,145.55,18.5,0.0,0.0,5,94.0,18.8,85.1,98.8
SP Fleming,10,196,21.78,114.62,17.54,0.0,0.0,5,98.2,19.64,92.2,98.9
SP Goswami,21,293,14.65,95.44,11.4,0.0,0.0,5,72.3,14.45,68.6,75.8
SP Jackson,8,61,10.17,107.02,10.53,0.23,0.0,5,35.7,7.15,33.0,38.0
SP Narine,106,1534,18.26,155.89,26.52,0.0,0.0,5,80.9,16.18,61.2,99.2
SPD Smith,93,2495,31.99,124.81,14.31,0.0,0.0,5,127.2,25.44,120.7,131.9
SR Tendulkar,78,2334,32.87,114.19,15.9,0.0,0.0,5,145.7,29.14,137.0,154.8
SR Watson,141,3880,30.79,134.16,19.61,0.0,4.2,5,142.5,28.5,130.7,149.7
SS Iyer,114,3131,30.7,123.03,15.13,0.0,0.0,5,136.5,27.3,120.4,149.7
SS Prabhudessai,10,126,14.0,111.5,13.27,0.0,0.0,5,61.3,12.26,57.8,63.6
SS Tiwary,73,1494,29.88,115.72,12.47,0.0,0.0,5,101.3,20.26,97.0,106.2
ST Jayasuriya,30,768,26.48,134.03,21.47,0.0,5.07,5,131.6,26.32,122.3,135.4
STR Binny,66,880,20.0,125.71,14.43,0.0,0.0,5,66.1,13.21,62.3,69.3
SV Samson,162,4419,31.12,135.14,17.06,0.0,0.0,5,133.7,26.74,125.1,140.6
SW Billings,27,503,19.35,126.07,15.04,0.0,0.0,5,94.0,18.8,93.3,96.5
SW Tait,5,23,7.67,88.46,7.69,0.55,0.0,5,22.8,4.56,20.7,24.2
Sachin Baby,11,144,14.4,117.07,13.01,0.0,0.0,5,62.4,12.49,55.2,68.4
Salman Butt,7,193,27.57,112.21,18.6,0.0,0.0,5,142.5,28.5,132.1,143.3
Sameer Rizvi,5,51,12.75,118.6,13.95,0.11,0.0,5,48.6,9.73,43.7,51.7
Sandeep Sharma,25,54,10.8,73.97,5.48,0.49,0.0,5,10.3,2.07,9.2,11.2
Sanvir Singh,5,25,12.5,113.64,13.64,0.61,0.0,5,23.0,4.59,21.6,24.7
Saurav Chauhan,3,18,6.0,112.5,12.5,0.62,0.0,5,30.3,6.06,27.9,33.0
Shahbaz Ahmed,37,536,18.48,114.78,11.35,0.0,0.0,5,71.0,14.19,66.9,75.6
Shahid Afridi,9,81,10.12,176.09,28.26,0.0,0.0,5,46.9,9.37,40.8,51.3
Shakib Al Hasan,52,795,19.88,119.55,14.14,0.0,0.0,5,78.5,15.7,74.4,82.6
Shashank Singh,19,423,38.45,155.51,21.32,0.0,0.0,5,107.9,21.58,96.4,114.7
Shivam Mavi,11,51,5.67,87.93,10.34,0.26,0.0,5,25.7,5.14,22.2,29.5
Shoaib Malik,5,52,13.0,106.12,10.2,0.06,0.0,5,52.4,10.47,49.3,54.2
Shubman Gill,99,3216,37.4,132.24,16.65,0.0,0.0,5,156.8,31.37,147.3,168.0
Sikandar Raza,9,182,26.0,127.27,13.99,0.0,0.0,5,95.9,19.18,84.8,105.3
Sohail Tanvir,5,36,12.0,116.13,12.9,0.46,0.0,5,33.5,6.7,31.1,35.8
Sumit Kumar,3,18,9.0,69.23,11.54,0.65,0.0,5,29.8,5.97,26.9,32.2
Sunny Singh,5,43,10.75,138.71,22.58,0.27,0.0,5,40.5,8.1,38.3,42.0
Swapnil Singh,9,51,10.2,110.87,13.04,0.29,0.0,5,27.7,5.54,25.6,29.4
T Banton,2,18,9.0,81.82,9.09,0.61,0.0,5,46.1,9.23,41.6,50.7
T Henderson,2,11,11.0,68.75,6.25,0.67,0.0,5,30.0,5.99,26.8,31.5
T Kohler-Cadmore,3,48,16.0,88.89,14.81,0.13,0.0,5,81.4,16.29,70.3,88.3
T Kohli,3,11,3.67,55.0,5.0,0.77,1.4,5,19.3,3.87,17.5,21.0
T Stubbs,17,405,45.0,169.46,21.76,0.0,0.0,5,110.2,22.03,101.4,120.6
T Taibu,3,31,10.33,119.23,11.54,0.43,0.0,5,48.3,9.65,44.5,53.2
T Thushara,4,12,6.0,63.16,0.0,0.75,0.0,5,14.7,2.93,13.1,16.0
TA Boult,22,83,11.86,101.22,9.76,0.1,0.0,5,18.3,3.66,16.8,19.4
TD Paine,2,10,5.0,34.48,0.0,0.75,0.0,5,29.1,5.82,24.3,31.7
TG Southee,19,120,10.91,111.11,11.11,0.0,0.0,5,31.6,6.32,30.3,32.2
TH David,35,659,28.65,158.03,20.14,0.0,0.0,5,91.6,18.31,82.4,100.0
TK Curran,10,127,25.4,117.59,12.04,0.0,0.0,5,62.0,12.41,61.1,63.7
TL Seifert,3,26,8.67,100.0,15.38,0.36,0.0,5,45.1,9.01,41.1,47.5
TL Suman,39,676,22.53,115.16,13.8,0.0,0.0,5,88.3,17.66,83.9,91.0
TM Dilshan,50,1153,28.12,110.12,15.66,0.0,0.0,5,117.2,23.44,105.2,127.0
TM Head,25,772,38.6,168.56,25.33,0.0,0.0,5,144.3,28.87,133.1,155.4
TM Srivastava,3,8,8.0,72.73,0.0,0.79,0.0,5,15.1,3.02,13.3,15.9
TR Birt,5,75,15.0,127.12,18.64,0.0,0.0,5,78.2,15.64,71.8,84.7
TS Mills,5,8,2.0,57.14,7.14,0.81,0.0,5,10.5,2.09,8.0,12.4
TU Deshpande,4,21,21.0,140.0,20.0,0.39,0.0,5,32.6,6.52,23.4,40.5
Tanush Kotian,1,24,24.0,75.0,9.38,0.27,0.0,5,145.7,29.15,122.5,167.2
Tilak Varma,38,1156,41.29,139.28,17.83,0.0,0.0,5,142.1,28.42,131.5,150.8
UA Birla,1,7,7.0,46.67,6.67,0.79,0.0,5,44.5,8.89,38.7,50.0
UBT Chand,20,300,15.0,95.54,13.06,0.0,0.0,5,81.9,16.37,72.6,91.1
UT Khawaja,6,127,25.4,120.95,16.19,0.0,0.0,5,109.6,21.91,103.2,114.6
UT Yadav,48,208,9.9,98.58,11.85,0.0,0.0,5,24.0,4.8,21.5,25.5
Umar Gul,4,39,13.0,205.26,31.58,0.22,0.0,5,46.6,9.32,40.6,51.6
Umran Malik,5,23,23.0,143.75,18.75,0.42,0.0,5,25.5,5.1,21.7,26.7
V Kohli,244,8014,36.76,128.51,15.73,0.0,4.27,5,126.9,25.38,121.9,136.4
V Sehwag,104,2728,27.84,148.83,24.0,0.0,2.4,5,136.1,27.23,127.6,141.6
V Shankar,58,1115,25.93,125.28,14.04,0.0,0.0,5,94.8,18.97,90.7,98.6
VG Arora,7,9,4.5,52.94,0.0,0.88,0.0,5,6.7,1.34,4.7,8.4
VH Zol,2,29,14.5,111.54,15.38,0.38,0.0,5,71.4,14.29,65.0,83.0
VR Aaron,12,50,12.5,68.49,5.48,0.31,0.0,5,20.9,4.17,19.1,23.3
VR Iyer,49,1326,30.84,132.6,18.2,0.0,0.0,5,129.0,25.81,116.8,138.0
VVS Laxman,20,282,17.62,104.06,14.02,0.0,0.0,5,75.5,15.1,71.1,80.1
VY Mahesh,5,15,7.5,53.57,0.0,0.76,0.0,5,13.2,2.64,11.3,14.8
Vijaykumar Vyshak,4,14,7.0,107.69,7.69,0.61,0.0,5,21.8,4.36,18.1,24.7
Virat Singh,2,15,5.0,57.69,3.85,0.65,0.0,5,40.8,8.15,35.0,45.9
Vishnu Vinod,6,56,9.33,96.55,10.34,0.01,0.0,5,51.5,10.29,44.9,55.3
Vivrant Sharma,1,69,69.0,140.82,22.45,0.0,0.0,5,377.0,75.4,322.4,415.4
W Jaffer,8,130,18.57,100.78,13.18,0.0,1.5,5,82.0,16.4,78.4,83.6
WA Mota,8,56,11.2,73.68,2.63,0.12,0.0,5,32.8,6.56,29.1,36.0
WD Parnell,13,65,6.5,75.58,5.81,0.26,0.0,5,21.2,4.24,17.7,25.0
WG Jacks,8,230,38.33,172.93,25.56,0.0,0.0,5,133.5,26.71,117.9,148.5
WP Saha,143,2934,24.25,123.9,16.17,0.0,1.5,5,106.5,21.29,97.9,108.8
WPUJC Vaas,11,81,11.57,110.96,6.85,0.02,0.0,5,35.2,7.04,32.3,37.6
Washington Sundar,38,378,14.0,110.85,12.02,0.0,0.0,5,48.8,9.75,44.0,52.4
X Thalaivan Sargunam,1,10,10.0,58.82,0.0,0.7,0.0,5,51.1,10.23,47.4,55.0
Y Gnaneswara Rao,1,19,19.0,105.56,16.67,0.43,0.0,5,105.7,21.14,87.1,115.0
Y Nagar,20,285,19.0,105.17,10.7,0.0,0.0,5,71.2,14.24,66.9,75.4
Y Venugopal Rao,52,985,23.45,113.87,13.18,0.0,2.1,5,96.8,19.35,92.8,102.4
YBK Jaiswal,52,1607,32.8,146.76,24.02,0.0,0.0,5,153.0,30.6,136.7,168.2
YK Pathan,153,3222,29.03,138.05,18.17,0.0,2.0,5,102.2,20.44,89.6,111.0
YS Chahal,17,37,6.17,41.57,0.0,0.62,0.0,5,11.9,2.38,8.6,15.2
YV Dhull,3,16,5.33,69.57,4.35,0.6,0.0,5,29.3,5.86,26.4,32.6
YV Takawale,10,192,24.0,104.92,15.85,0.0,0.0,5,97.5,19.5,88.2,102.0
Yashpal Singh,4,47,11.75,70.15,7.46,0.22,0.0,5,64.7,12.94,51.9,75.8
Yudhvir Singh,4,22,5.5,137.5,18.75,0.53,0.0,5,28.4,5.69,24.9,29.5
Yuvraj Singh,126,2754,25.27,124.78,16.63,0.0,5.18,5,111.7,22.34,107.2,113.4
Z Khan,27,117,7.8,82.98,9.22,0.0,0.75,5,24.3,4.86,21.6,24.6
